-- Ordre per inserir elements (Diagrama referencial)
-- 1. Protocols
-- 2. Cicle
-- 3. Pacient
-- 4. Personal
-- 5. Ingrès
-- 6. Atén
-- 7. Tractament
INSERT INTO Protocols VALUES ('P0000001', 'Aturada Cardíaca No Desfibril.lable', 2);
INSERT INTO Protocols VALUES ('P0000002', 'Aturada Cardíaca Desfibril.lable', 2);
INSERT INTO Protocols VALUES ('P0000003', 'Protocol sense cicles', 10);
INSERT INTO Protocols VALUES ('P0000004', 'ICTUS', 10);

INSERT INTO Cicle VALUES (1, '0.01', 'Adrenalina', 0, 'P0000001');
INSERT INTO Cicle VALUES (2, NULL, NULL, 0, 'P0000001');
INSERT INTO Cicle VALUES (3, '0.01', 'Adrenalina', 0, 'P0000001');
INSERT INTO Cicle VALUES (4, NULL, NULL, 0, 'P0000001');
INSERT INTO Cicle VALUES (5, '0.01', 'Adrenalina', 0, 'P0000001');
INSERT INTO Cicle VALUES (1, NULL, NULL, 4, 'P0000002');
INSERT INTO Cicle VALUES (2, NULL, NULL, 4, 'P0000002');
INSERT INTO Cicle VALUES (3, '0.01/5', 'Adrenalina/Amiodarona', 4, 'P0000002');
INSERT INTO Cicle VALUES (4, NULL, NULL, 4, 'P0000002');
INSERT INTO Cicle VALUES (5, '0.01/5', 'Adrenalina/Amiodarona', 4, 'P0000002');
INSERT INTO Cicle VALUES (6, NULL, NULL, 6, 'P0000002');
INSERT INTO Cicle VALUES (7, '0.01', 'Adrenalina', 8, 'P0000002');
INSERT INTO Cicle VALUES (1, '0.1', 'Tenecteplasa', 0, 'P0000004');

INSERT INTO Pacient VALUES ('62481296W', 'Amaro Ramón-Bartolomé');
INSERT INTO Pacient VALUES ('80616407G', 'Miguel Ángel Pavón Carballo');
INSERT INTO Pacient VALUES ('72811469R', 'Teófilo Estevez Baena');
INSERT INTO Pacient VALUES ('39522682B', 'Ema Reig Guardiola');
INSERT INTO Pacient VALUES ('49603456T', 'Máxima Rovira Salinas');

INSERT INTO Personal VALUES ('50833921B', 'Infermer/a 1');
INSERT INTO Personal VALUES ('33109498D', 'Infermer/a 2');
INSERT INTO Personal VALUES ('17913613V', 'Infermer/a 3');
INSERT INTO Personal VALUES ('11543223Y', 'Infermer/a 1');
INSERT INTO Personal VALUES ('77005105R', 'Pediatre/a 1');
INSERT INTO Personal VALUES ('96928703X', 'Pediatre/a 2');
INSERT INTO Personal VALUES ('40094741Z', 'Pediatre/a 3 Team Leader');
INSERT INTO Personal VALUES ('16416480T', 'Pediatre/a 3 Team Leader');
INSERT INTO Personal VALUES ('91762475L', 'TCAI');
INSERT INTO Personal VALUES ('86319620E', 'TCAI');

INSERT INTO Ingrès VALUES (TO_DATE('2021-07-20', 'YYYY-MM-DD'), 13, 1, '62481296W');
INSERT INTO Ingrès VALUES (TO_DATE('2022-03-27', 'YYYY-MM-DD'), 20, 5, '62481296W');
INSERT INTO Ingrès VALUES (TO_DATE('2023-07-25', 'YYYY-MM-DD'), 26, 3, '62481296W');
INSERT INTO Ingrès VALUES (TO_DATE('2020-10-06', 'YYYY-MM-DD'), 15, 5, '80616407G');
INSERT INTO Ingrès VALUES (TO_DATE('2021-03-01', 'YYYY-MM-DD'), 18, 3, '80616407G');
INSERT INTO Ingrès VALUES (TO_DATE('2021-04-21', 'YYYY-MM-DD'), 19, 4, '72811469R');
INSERT INTO Ingrès VALUES (TO_DATE('2022-12-04', 'YYYY-MM-DD'), 24, 1, '72811469R');
INSERT INTO Ingrès VALUES (TO_DATE('2023-01-23', 'YYYY-MM-DD'), 25, 5, '72811469R');
INSERT INTO Ingrès VALUES (TO_DATE('2022-10-15', 'YYYY-MM-DD'), 13, 2, '39522682B');
INSERT INTO Ingrès VALUES (TO_DATE('2021-12-22', 'YYYY-MM-DD'), 12, 2, '49603456T');
INSERT INTO Ingrès VALUES (TO_DATE('2022-02-28', 'YYYY-MM-DD'), 16, 2, '49603456T');

INSERT INTO Atén VALUES (TO_DATE('2021-07-20', 'YYYY-MM-DD'), '62481296W','77005105R','Pediatre/a 2');
INSERT INTO Atén VALUES (TO_DATE('2022-03-27', 'YYYY-MM-DD'), '62481296W','96928703X','Pediatre/a 1');
INSERT INTO Atén VALUES (TO_DATE('2023-07-25', 'YYYY-MM-DD'), '62481296W','40094741Z','Pediatre/a 1');
INSERT INTO Atén VALUES (TO_DATE('2020-10-06', 'YYYY-MM-DD'), '80616407G','16416480T','Pediatre/a 3 Team Leader');
INSERT INTO Atén VALUES (TO_DATE('2021-03-01', 'YYYY-MM-DD'), '80616407G','96928703X','Pediatre/a 2');
INSERT INTO Atén VALUES (TO_DATE('2021-04-21', 'YYYY-MM-DD'), '72811469R','77005105R','Pediatre/a 2');
INSERT INTO Atén VALUES (TO_DATE('2022-12-04', 'YYYY-MM-DD'), '72811469R','77005105R','Pediatre/a 3 Team Leader');
INSERT INTO Atén VALUES (TO_DATE('2023-01-23', 'YYYY-MM-DD'), '72811469R','16416480T','Pediatre/a 1');
INSERT INTO Atén VALUES (TO_DATE('2022-10-15', 'YYYY-MM-DD'), '39522682B','96928703X','Pediatre/a 2');
INSERT INTO Atén VALUES (TO_DATE('2021-12-22', 'YYYY-MM-DD'), '49603456T','16416480T','Pediatre/a 3 Team Leader');
INSERT INTO Atén VALUES (TO_DATE('2022-02-28', 'YYYY-MM-DD'), '49603456T','96928703X','Pediatre/a 1');
INSERT INTO Atén VALUES (TO_DATE('2021-07-20', 'YYYY-MM-DD'), '62481296W', '91762475L', 'TCAI');
INSERT INTO Atén VALUES (TO_DATE('2022-03-27', 'YYYY-MM-DD'), '62481296W', '86319620E', 'TCAI');
INSERT INTO Atén VALUES (TO_DATE('2023-07-25', 'YYYY-MM-DD'), '62481296W', '91762475L', 'TCAI');
INSERT INTO Atén VALUES (TO_DATE('2020-10-06', 'YYYY-MM-DD'), '80616407G', '86319620E', 'TCAI');
INSERT INTO Atén VALUES (TO_DATE('2021-03-01', 'YYYY-MM-DD'), '80616407G', '91762475L', 'TCAI');
INSERT INTO Atén VALUES (TO_DATE('2021-04-21', 'YYYY-MM-DD'), '72811469R', '86319620E', 'TCAI');
INSERT INTO Atén VALUES (TO_DATE('2022-12-04', 'YYYY-MM-DD'), '72811469R', '91762475L', 'TCAI');
INSERT INTO Atén VALUES (TO_DATE('2023-01-23', 'YYYY-MM-DD'), '72811469R', '86319620E', 'TCAI');
INSERT INTO Atén VALUES (TO_DATE('2022-10-15', 'YYYY-MM-DD'), '39522682B', '91762475L', 'TCAI');
INSERT INTO Atén VALUES (TO_DATE('2021-12-22', 'YYYY-MM-DD'), '49603456T', '86319620E', 'TCAI');
INSERT INTO Atén VALUES (TO_DATE('2022-02-28', 'YYYY-MM-DD'), '49603456T', '91762475L', 'TCAI');
INSERT INTO Atén VALUES (TO_DATE('2021-07-20', 'YYYY-MM-DD'), '62481296W','50833921B','Infermer/a 2');
INSERT INTO Atén VALUES (TO_DATE('2022-03-27', 'YYYY-MM-DD'), '62481296W','33109498D','Infermer/a 1');
INSERT INTO Atén VALUES (TO_DATE('2020-10-06', 'YYYY-MM-DD'), '80616407G','50833921B','Infermer/a 1');
INSERT INTO Atén VALUES (TO_DATE('2021-03-01', 'YYYY-MM-DD'), '80616407G','33109498D','Infermer/a 2');
INSERT INTO Atén VALUES (TO_DATE('2022-12-04', 'YYYY-MM-DD'), '72811469R','50833921B','Infermer/a 2');
INSERT INTO Atén VALUES (TO_DATE('2023-01-23', 'YYYY-MM-DD'), '72811469R','33109498D','Infermer/a 1');
INSERT INTO Atén VALUES (TO_DATE('2021-12-22', 'YYYY-MM-DD'), '49603456T','50833921B','Infermer/a 1');
INSERT INTO Atén VALUES (TO_DATE('2022-02-28', 'YYYY-MM-DD'), '49603456T','33109498D','Infermer/a 2');
INSERT INTO Atén VALUES (TO_DATE('2020-10-06', 'YYYY-MM-DD'), '80616407G','96928703X','Pediatre/a 2');
INSERT INTO Atén VALUES (TO_DATE('2021-12-22', 'YYYY-MM-DD'), '49603456T','77005105R','Pediatre/a 1');


INSERT INTO Tractament VALUES (TO_DATE('2021-07-20 12:00', 'YYYY-MM-DD HH24:MI'),36,'0.13',0,TO_DATE('2021-07-20', 'YYYY-MM-DD'),'62481296W',1,'P0000001');
INSERT INTO Tractament VALUES (TO_DATE('2021-07-20 12:02', 'YYYY-MM-DD HH24:MI'),34,'0.00',0,TO_DATE('2021-07-20', 'YYYY-MM-DD'),'62481296W',2,'P0000001');
INSERT INTO Tractament VALUES (TO_DATE('2021-07-20 12:04', 'YYYY-MM-DD HH24:MI'),36,'0.13',0,TO_DATE('2021-07-20', 'YYYY-MM-DD'),'62481296W',3,'P0000001');
INSERT INTO Tractament VALUES (TO_DATE('2021-07-20 12:06', 'YYYY-MM-DD HH24:MI'),35,'0.00',0,TO_DATE('2021-07-20', 'YYYY-MM-DD'),'62481296W',4,'P0000001');
INSERT INTO Tractament VALUES (TO_DATE('2022-03-27 12:00', 'YYYY-MM-DD HH24:MI'),34,'0.2',0,TO_DATE('2022-03-27', 'YYYY-MM-DD'),'62481296W',1,'P0000001');
INSERT INTO Tractament VALUES (TO_DATE('2022-03-27 12:02', 'YYYY-MM-DD HH24:MI'),36,'0.00',0,TO_DATE('2022-03-27', 'YYYY-MM-DD'),'62481296W',2,'P0000001');
INSERT INTO Tractament VALUES (TO_DATE('2022-03-27 12:04', 'YYYY-MM-DD HH24:MI'),34,'0.20',0,TO_DATE('2022-03-27', 'YYYY-MM-DD'),'62481296W',3,'P0000001');
INSERT INTO Tractament VALUES (TO_DATE('2022-03-27 12:06', 'YYYY-MM-DD HH24:MI'),34,'0.00',0,TO_DATE('2022-03-27', 'YYYY-MM-DD'),'62481296W',4,'P0000001');
INSERT INTO Tractament VALUES (TO_DATE('2023-07-25 12:00', 'YYYY-MM-DD HH24:MI'),35,'0.26',0,TO_DATE('2023-07-25', 'YYYY-MM-DD'),'62481296W',1,'P0000001');
INSERT INTO Tractament VALUES (TO_DATE('2023-07-25 12:02', 'YYYY-MM-DD HH24:MI'),34,'0.00',0,TO_DATE('2023-07-25', 'YYYY-MM-DD'),'62481296W',2,'P0000001');
INSERT INTO Tractament VALUES (TO_DATE('2023-07-25 12:04', 'YYYY-MM-DD HH24:MI'),36,'0.26',0,TO_DATE('2023-07-25', 'YYYY-MM-DD'),'62481296W',3,'P0000001');
INSERT INTO Tractament VALUES (TO_DATE('2023-07-25 12:06', 'YYYY-MM-DD HH24:MI'),34,'0.00',0,TO_DATE('2023-07-25', 'YYYY-MM-DD'),'62481296W',4,'P0000001');
INSERT INTO Tractament VALUES (TO_DATE('2020-10-06 12:00', 'YYYY-MM-DD HH24:MI'),36,'0.15',0,TO_DATE('2020-10-06', 'YYYY-MM-DD'),'80616407G',1,'P0000001');
INSERT INTO Tractament VALUES (TO_DATE('2020-10-06 12:02', 'YYYY-MM-DD HH24:MI'),35,'0.00',0,TO_DATE('2020-10-06', 'YYYY-MM-DD'),'80616407G',2,'P0000001');
INSERT INTO Tractament VALUES (TO_DATE('2020-10-06 12:04', 'YYYY-MM-DD HH24:MI'),34,'0.15',0,TO_DATE('2020-10-06', 'YYYY-MM-DD'),'80616407G',3,'P0000001');
INSERT INTO Tractament VALUES (TO_DATE('2020-10-06 12:06', 'YYYY-MM-DD HH24:MI'),36,'0.00',0,TO_DATE('2020-10-06', 'YYYY-MM-DD'),'80616407G',4,'P0000001');
INSERT INTO Tractament VALUES (TO_DATE('2021-03-01 12:00', 'YYYY-MM-DD HH24:MI'),34,'0.18',0,TO_DATE('2021-03-01', 'YYYY-MM-DD'),'80616407G',1,'P0000001');
INSERT INTO Tractament VALUES (TO_DATE('2021-03-01 12:02', 'YYYY-MM-DD HH24:MI'),34,'0.00',0,TO_DATE('2021-03-01', 'YYYY-MM-DD'),'80616407G',2,'P0000001');
INSERT INTO Tractament VALUES (TO_DATE('2021-03-01 12:04', 'YYYY-MM-DD HH24:MI'),36,'0.18',0,TO_DATE('2021-03-01', 'YYYY-MM-DD'),'80616407G',3,'P0000001');
INSERT INTO Tractament VALUES (TO_DATE('2021-03-01 12:06', 'YYYY-MM-DD HH24:MI'),34,'0.00',0,TO_DATE('2021-03-01', 'YYYY-MM-DD'),'80616407G',4,'P0000001');
INSERT INTO Tractament VALUES (TO_DATE('2021-04-21 12:00', 'YYYY-MM-DD HH24:MI'),34,'0.00',76,TO_DATE('2021-04-21', 'YYYY-MM-DD'),'72811469R',1,'P0000002');
INSERT INTO Tractament VALUES (TO_DATE('2021-04-21 12:02', 'YYYY-MM-DD HH24:MI'),35,'0.00',76,TO_DATE('2021-04-21', 'YYYY-MM-DD'),'72811469R',2,'P0000002');
INSERT INTO Tractament VALUES (TO_DATE('2021-04-21 12:04', 'YYYY-MM-DD HH24:MI'),34,'0.19/95',76,TO_DATE('2021-04-21', 'YYYY-MM-DD'),'72811469R',3,'P0000002');
INSERT INTO Tractament VALUES (TO_DATE('2021-04-21 12:06', 'YYYY-MM-DD HH24:MI'),34,'0.00',76,TO_DATE('2021-04-21', 'YYYY-MM-DD'),'72811469R',4,'P0000002');
INSERT INTO Tractament VALUES (TO_DATE('2021-04-21 12:08', 'YYYY-MM-DD HH24:MI'),36,'0.19/95',76,TO_DATE('2021-04-21', 'YYYY-MM-DD'),'72811469R',5,'P0000002');
INSERT INTO Tractament VALUES (TO_DATE('2021-04-21 12:10', 'YYYY-MM-DD HH24:MI'),34,'0.00',114,TO_DATE('2021-04-21', 'YYYY-MM-DD'),'72811469R',6,'P0000002');
INSERT INTO Tractament VALUES (TO_DATE('2022-12-04 12:00', 'YYYY-MM-DD HH24:MI'),34,'0.00',96,TO_DATE('2022-12-04', 'YYYY-MM-DD'),'72811469R',1,'P0000002');
INSERT INTO Tractament VALUES (TO_DATE('2022-12-04 12:02', 'YYYY-MM-DD HH24:MI'),36,'0.00',96,TO_DATE('2022-12-04', 'YYYY-MM-DD'),'72811469R',2,'P0000002');
INSERT INTO Tractament VALUES (TO_DATE('2022-12-04 12:04', 'YYYY-MM-DD HH24:MI'),34,'0.24/120',96,TO_DATE('2022-12-04', 'YYYY-MM-DD'),'72811469R',3,'P0000002');
INSERT INTO Tractament VALUES (TO_DATE('2022-12-04 12:06', 'YYYY-MM-DD HH24:MI'),35,'0.00',96,TO_DATE('2022-12-04', 'YYYY-MM-DD'),'72811469R',4,'P0000002');
INSERT INTO Tractament VALUES (TO_DATE('2022-12-04 12:08', 'YYYY-MM-DD HH24:MI'),34,'0.24/120',96,TO_DATE('2022-12-04', 'YYYY-MM-DD'),'72811469R',5,'P0000002');
INSERT INTO Tractament VALUES (TO_DATE('2022-12-04 12:10', 'YYYY-MM-DD HH24:MI'),36,'0.00',144,TO_DATE('2022-12-04', 'YYYY-MM-DD'),'72811469R',6,'P0000002');
INSERT INTO Tractament VALUES (TO_DATE('2023-01-23 12:00', 'YYYY-MM-DD HH24:MI'),34,'0.00',100,TO_DATE('2023-01-23', 'YYYY-MM-DD'),'72811469R',1,'P0000002');
INSERT INTO Tractament VALUES (TO_DATE('2023-01-23 12:02', 'YYYY-MM-DD HH24:MI'),34,'0.00',100,TO_DATE('2023-01-23', 'YYYY-MM-DD'),'72811469R',2,'P0000002');
INSERT INTO Tractament VALUES (TO_DATE('2023-01-23 12:04', 'YYYY-MM-DD HH24:MI'),36,'0.25/125',100,TO_DATE('2023-01-23', 'YYYY-MM-DD'),'72811469R',3,'P0000002');
INSERT INTO Tractament VALUES (TO_DATE('2023-01-23 12:06', 'YYYY-MM-DD HH24:MI'),34,'0.00',100,TO_DATE('2023-01-23', 'YYYY-MM-DD'),'72811469R',4,'P0000002');
INSERT INTO Tractament VALUES (TO_DATE('2023-01-23 12:08', 'YYYY-MM-DD HH24:MI'),34,'0.25/125',100,TO_DATE('2023-01-23', 'YYYY-MM-DD'),'72811469R',5,'P0000002');
INSERT INTO Tractament VALUES (TO_DATE('2023-01-23 12:10', 'YYYY-MM-DD HH24:MI'),35,'0.00',150,TO_DATE('2023-01-23', 'YYYY-MM-DD'),'72811469R',6,'P0000002');
INSERT INTO Tractament VALUES (TO_DATE('2022-10-15 12:00', 'YYYY-MM-DD HH24:MI'),34,'0.00',52,TO_DATE('2022-10-15', 'YYYY-MM-DD'),'39522682B',1,'P0000002');
INSERT INTO Tractament VALUES (TO_DATE('2022-10-15 12:02', 'YYYY-MM-DD HH24:MI'),36,'0.00',52,TO_DATE('2022-10-15', 'YYYY-MM-DD'),'39522682B',2,'P0000002');
INSERT INTO Tractament VALUES (TO_DATE('2022-10-15 12:04', 'YYYY-MM-DD HH24:MI'),36,'0.13/65',52,TO_DATE('2022-10-15', 'YYYY-MM-DD'),'39522682B',3,'P0000002');
INSERT INTO Tractament VALUES (TO_DATE('2022-10-15 12:06', 'YYYY-MM-DD HH24:MI'),34,'0.00',52,TO_DATE('2022-10-15', 'YYYY-MM-DD'),'39522682B',4,'P0000002');
INSERT INTO Tractament VALUES (TO_DATE('2022-10-15 12:08', 'YYYY-MM-DD HH24:MI'),34,'0.13/65',52,TO_DATE('2022-10-15', 'YYYY-MM-DD'),'39522682B',5,'P0000002');
INSERT INTO Tractament VALUES (TO_DATE('2022-10-15 12:10', 'YYYY-MM-DD HH24:MI'),34,'0.00',78,TO_DATE('2022-10-15', 'YYYY-MM-DD'),'39522682B',6,'P0000002');
INSERT INTO Tractament VALUES (TO_DATE('2021-12-22 12:00', 'YYYY-MM-DD HH24:MI'),35,'0.00',48,TO_DATE('2021-12-22', 'YYYY-MM-DD'),'49603456T',1,'P0000002');
INSERT INTO Tractament VALUES (TO_DATE('2021-12-22 12:02', 'YYYY-MM-DD HH24:MI'),34,'0.00',48,TO_DATE('2021-12-22', 'YYYY-MM-DD'),'49603456T',2,'P0000002');
INSERT INTO Tractament VALUES (TO_DATE('2021-12-22 12:04', 'YYYY-MM-DD HH24:MI'),34,'0.12/60',48,TO_DATE('2021-12-22', 'YYYY-MM-DD'),'49603456T',3,'P0000002');
INSERT INTO Tractament VALUES (TO_DATE('2021-12-22 12:06', 'YYYY-MM-DD HH24:MI'),36,'0.00',48,TO_DATE('2021-12-22', 'YYYY-MM-DD'),'49603456T',4,'P0000002');
INSERT INTO Tractament VALUES (TO_DATE('2021-12-22 12:08', 'YYYY-MM-DD HH24:MI'),34,'0.12/60',48,TO_DATE('2021-12-22', 'YYYY-MM-DD'),'49603456T',5,'P0000002');
INSERT INTO Tractament VALUES (TO_DATE('2021-12-22 12:10', 'YYYY-MM-DD HH24:MI'),36,'0.00',72,TO_DATE('2021-12-22', 'YYYY-MM-DD'),'49603456T',6,'P0000002');
INSERT INTO Tractament VALUES (TO_DATE('2022-02-28 12:00', 'YYYY-MM-DD HH24:MI'),34,'0.00',64,TO_DATE('2022-02-28', 'YYYY-MM-DD'),'49603456T',1,'P0000002');
INSERT INTO Tractament VALUES (TO_DATE('2022-02-28 12:02', 'YYYY-MM-DD HH24:MI'),36,'0.00',64,TO_DATE('2022-02-28', 'YYYY-MM-DD'),'49603456T',2,'P0000002');
INSERT INTO Tractament VALUES (TO_DATE('2022-02-28 12:04', 'YYYY-MM-DD HH24:MI'),34,'0.16/80',64,TO_DATE('2022-02-28', 'YYYY-MM-DD'),'49603456T',3,'P0000002');
INSERT INTO Tractament VALUES (TO_DATE('2022-02-28 12:06', 'YYYY-MM-DD HH24:MI'),34,'0.00',64,TO_DATE('2022-02-28', 'YYYY-MM-DD'),'49603456T',4,'P0000002');
INSERT INTO Tractament VALUES (TO_DATE('2022-02-28 12:08', 'YYYY-MM-DD HH24:MI'),36,'0.16/80',64,TO_DATE('2022-02-28', 'YYYY-MM-DD'),'49603456T',5,'P0000002');
INSERT INTO Tractament VALUES (TO_DATE('2022-02-28 12:10', 'YYYY-MM-DD HH24:MI'),34,'0.00',96,TO_DATE('2022-02-28', 'YYYY-MM-DD'),'49603456T',6,'P0000002');